{"shower": 0.002846187213435769, "step, stair": 0.004371642600744963, "dirt track": 0.01932814903557301, "land, ground, soil": 0.026652241125702855, "barrel, cask": 0.036937832832336426, "bannister, banister, balustrade, balusters, handrail": 0.03759981691837311, "hill": 0.04027706012129784, "tray": 0.04896802082657814, "crt screen": 0.04905250668525696, "blanket, cover": 0.05164998024702072, "pole": 0.06476298719644547, "bag": 0.08543285727500916, "lake": 0.08747301995754242, "tower": 0.10097602754831314, "river": 0.1108362227678299, "glass, drinking glass": 0.11380030959844588, "path": 0.12032774835824966, "stage": 0.1234334409236908, "monitor, monitoring device": 0.12675701081752777, "clock": 0.1268477439880371, "poster, posting, placard, notice, bill, card": 0.13258756697177887, "streetlight, street lamp": 0.13372324407100675, "awning, sunshade, sunblind": 0.13666783273220062, "trade name, brand name, brand, marque": 0.1401379555463791, "plaything, toy": 0.1663455218076706, "base, pedestal, stand": 0.16813233494758606, "box": 0.1690916121006012, "van": 0.17048057913780212, "stairs, steps": 0.17192310094833374, "blind, screen": 0.1835489571094513, "railing, rail": 0.1929236203432083, "pot, flowerpot": 0.20101548731327057, "truck, motortruck": 0.20377874374389648, "ashcan, trash can, garbage can, wastebin, ash bin, ash-bin, ashbin, dustbin, trash barrel, trash bin": 0.20904047787189484, "column, pillar": 0.22075283527374268, "traffic light, traffic signal, stoplight": 0.221529558300972, "counter": 0.2283724844455719, "stool": 0.2287997603416443, "bottle": 0.23067018389701843, "sconce": 0.231576144695282, "canopy": 0.23280222713947296, "light, light source": 0.23900356888771057, "fence, fencing": 0.23978839814662933, "vase": 0.24283342063426971, "basket, handbasket": 0.24411225318908691, "signboard, sign": 0.24463635683059692, "oven": 0.2463213801383972, "field": 0.25012701749801636, "door, double door": 0.2563478648662567, "buffet, counter, sideboard": 0.26344165205955505, "pier, wharf, wharfage, dock": 0.26528865098953247, "escalator, moving staircase, moving stairway": 0.27146807312965393, "earth, ground": 0.2726443409919739, "hovel, hut, hutch, shack, shanty": 0.27416205406188965, "shelf": 0.2786099314689636, "kitchen island": 0.2799972891807556, "bulletin board, notice board": 0.2801331877708435, "bookcase": 0.284621000289917, "bench": 0.28469622135162354, "sand": 0.29026904702186584, "flower": 0.2903597950935364, "armchair": 0.2946033775806427, "sculpture": 0.2990167438983917, "bridge, span": 0.3009662628173828, "apparel, wearing apparel, dress, clothes": 0.3042815923690796, "ottoman, pouf, pouffe, puff, hassock": 0.3087301254272461, "chest of drawers, chest, bureau, dresser": 0.3144479990005493, "booth, cubicle, stall, kiosk": 0.31477004289627075, "dishwasher, dish washer, dishwashing machine": 0.3149835765361786, "arcade machine": 0.3221174478530884, "swivel chair": 0.326333224773407, "stairway, staircase": 0.32659944891929626, "flag": 0.3291541635990143, "plate": 0.32999294996261597, "desk": 0.33508381247520447, "skyscraper": 0.33733439445495605, "screen, silver screen, projection screen": 0.34879234433174133, "rock, stone": 0.35372039675712585, "palm, palm tree": 0.3571649193763733, "bar": 0.3618256449699402, "waterfall, falls": 0.3643536269664765, "mirror": 0.36581921577453613, "wardrobe, closet, press": 0.3698601722717285, "grandstand, covered stand": 0.3766479194164276, "house": 0.3854515254497528, "microwave, microwave oven": 0.3905454874038696, "fan": 0.39088526368141174, "rug, carpet, carpeting": 0.3950442373752594, "screen door, screen": 0.39745157957077026, "book": 0.3987634778022766, "plant, flora, plant life": 0.3989222049713135, "ship": 0.4006740152835846, "table": 0.4050777852535248, "lamp": 0.4064377248287201, "minibike, motorbike": 0.41450774669647217, "hood, exhaust hood": 0.41612762212753296, "ball": 0.4170678555965424, "chair": 0.4188726246356964, "tank, storage tank": 0.42439115047454834, "cushion": 0.4246934652328491, "radiator": 0.43383556604385376, "pillow": 0.43404674530029297, "sea": 0.4344320893287658, "seat": 0.4359574615955353, "bicycle, bike, wheel, cycle": 0.4385348856449127, "airplane, aeroplane, plane": 0.4411894977092743, "sidewalk, pavement": 0.4439105093479157, "countertop": 0.44452762603759766, "mountain, mount": 0.44639694690704346, "swimming pool, swimming bath, natatorium": 0.4474726617336273, "cabinet": 0.4505123496055603, "fountain": 0.451327383518219, "water": 0.45601168274879456, "conveyer belt, conveyor belt, conveyer, conveyor, transporter": 0.4567740261554718, "case, display case, showcase, vitrine": 0.4649106860160827, "food, solid food": 0.4672610461711883, "coffee table, cocktail table": 0.4691195487976074, "towel": 0.47750625014305115, "windowpane, window": 0.4785929322242737, "television receiver, television, television set, tv, tv set, idiot box, boob tube, telly, goggle box": 0.48509061336517334, "boat": 0.4871935844421386, "curtain, drape, drapery, mantle, pall": 0.48734909296035767, "refrigerator, icebox": 0.503696858882904, "runway": 0.5076608657836914, "animal, animate being, beast, brute, creature, fauna": 0.513127863407135, "grass": 0.5185818076133728, "chandelier, pendant, pendent": 0.5204029083251953, "sofa, couch, lounge": 0.5214707851409912, "floor, flooring": 0.5250275135040283, "sink": 0.5265805721282959, "computer, computing machine, computing device, data processor, electronic computer, information processing system": 0.5333495140075684, "bathtub, bathing tub, bath, tub": 0.5354037880897522, "stove, kitchen stove, range, kitchen range, cooking stove": 0.5370845198631287, "painting, picture": 0.5413978099822998, "wall": 0.5513651967048645, "fireplace, hearth, open fireplace": 0.5597487092018127, "washer, automatic washer, washing machine": 0.5617650747299194, "tree": 0.5634942054748535, "ceiling": 0.5721660256385803, "cradle": 0.5736037492752075, "road, route": 0.6249828338623047, "person, individual, someone, somebody, mortal, soul": 0.6376088261604309, "toilet, can, commode, crapper, pot, potty, stool, throne": 0.6418997645378113, "sky": 0.6774601936340332, "car, auto, automobile, machine, motorcar": 0.6809599995613098, "bed": 0.6887248158454895, "building, edifice": 0.6919018030166626, "bus, autobus, coach, charabanc, double-decker, jitney, motorbus, motorcoach, omnibus, passenger vehicle": 0.7008166313171387, "tent, collapsible shelter": 0.7032267451286316, "pool table, billiard table, snooker table": 0.7209180593490601}